"filename", "language", "Markdown", "YAML", "Shell Script", "JSON", "Dart", "JavaScript", "Ruby", "Swift", "HTML", "C++", "PostCSS", "XML", "comment", "blank", "total"
"/Users/marie/Documents/GBO-Updated/.github/workflows/firebase-hosting-merge.yml", "YAML", 0, 22, 0, 0, 0, 0, 0, 0, 0, 0, 0, 0, 2, 2, 26
"/Users/marie/Documents/GBO-Updated/.github/workflows/firebase-hosting-pull-request.yml", "YAML", 0, 23, 0, 0, 0, 0, 0, 0, 0, 0, 0, 0, 2, 2, 27
"/Users/marie/Documents/GBO-Updated/APP_ENCRYPTION_DOCUMENTATION.md", "Markdown", 102, 0, 0, 0, 0, 0, 0, 0, 0, 0, 0, 0, 0, 37, 139
"/Users/marie/Documents/GBO-Updated/APP_ENCRYPTION_DOCUMENTATION_SHORT.md", "Markdown", 12, 0, 0, 0, 0, 0, 0, 0, 0, 0, 0, 0, 0, 8, 20
"/Users/marie/Documents/GBO-Updated/APP_STORE_SPLASH_SCREEN_GUIDE.md", "Markdown", 236, 0, 0, 0, 0, 0, 0, 0, 0, 0, 0, 0, 0, 58, 294
"/Users/marie/Documents/GBO-Updated/BUILD_SCRIPTS.md", "Markdown", 67, 0, 0, 0, 0, 0, 0, 0, 0, 0, 0, 0, 0, 18, 85
"/Users/marie/Documents/GBO-Updated/ENCRYPTION_SETUP.md", "Markdown", 88, 0, 0, 0, 0, 0, 0, 0, 0, 0, 0, 0, 0, 38, 126
"/Users/marie/Documents/GBO-Updated/GBO-Updated/pubspec.yaml", "YAML", 0, 12, 0, 0, 0, 0, 0, 0, 0, 0, 0, 0, 0, 2, 14
"/Users/marie/Documents/GBO-Updated/README.md", "Markdown", 65, 0, 0, 0, 0, 0, 0, 0, 0, 0, 0, 0, 0, 25, 90
"/Users/marie/Documents/GBO-Updated/WALLPAPER_SPLASH_GUIDE.md", "Markdown", 169, 0, 0, 0, 0, 0, 0, 0, 0, 0, 0, 0, 0, 48, 217
"/Users/marie/Documents/GBO-Updated/analysis_options.yaml", "YAML", 0, 3, 0, 0, 0, 0, 0, 0, 0, 0, 0, 0, 22, 4, 29
"/Users/marie/Documents/GBO-Updated/build.sh", "Shell Script", 0, 0, 148, 0, 0, 0, 0, 0, 0, 0, 0, 0, 14, 24, 186
"/Users/marie/Documents/GBO-Updated/build_and_bump.sh", "Shell Script", 0, 0, 57, 0, 0, 0, 0, 0, 0, 0, 0, 0, 10, 12, 79
"/Users/marie/Documents/GBO-Updated/build_android.sh", "Shell Script", 0, 0, 59, 0, 0, 0, 0, 0, 0, 0, 0, 0, 11, 13, 83
"/Users/marie/Documents/GBO-Updated/bump_major.sh", "Shell Script", 0, 0, 7, 0, 0, 0, 0, 0, 0, 0, 0, 0, 5, 5, 17
"/Users/marie/Documents/GBO-Updated/bump_minor.sh", "Shell Script", 0, 0, 7, 0, 0, 0, 0, 0, 0, 0, 0, 0, 5, 5, 17
"/Users/marie/Documents/GBO-Updated/bump_version.sh", "Shell Script", 0, 0, 7, 0, 0, 0, 0, 0, 0, 0, 0, 0, 5, 5, 17
"/Users/marie/Documents/GBO-Updated/deploy.sh", "Shell Script", 0, 0, 31, 0, 0, 0, 0, 0, 0, 0, 0, 0, 4, 9, 44
"/Users/marie/Documents/GBO-Updated/firebase.json", "JSON", 0, 0, 0, 27, 0, 0, 0, 0, 0, 0, 0, 0, 0, 1, 28
"/Users/marie/Documents/GBO-Updated/ios/AppWidgetTest/AppIntent.swift", "Swift", 0, 0, 0, 0, 0, 0, 0, 8, 0, 0, 0, 0, 7, 4, 19
"/Users/marie/Documents/GBO-Updated/ios/AppWidgetTest/AppWidgetTest.swift", "Swift", 0, 0, 0, 0, 0, 0, 0, 62, 0, 0, 0, 0, 10, 17, 89
"/Users/marie/Documents/GBO-Updated/ios/AppWidgetTest/AppWidgetTestBundle.swift", "Swift", 0, 0, 0, 0, 0, 0, 0, 10, 0, 0, 0, 0, 6, 3, 19
"/Users/marie/Documents/GBO-Updated/ios/AppWidgetTest/AppWidgetTestControl.swift", "Swift", 0, 0, 0, 0, 0, 0, 0, 56, 0, 0, 0, 0, 7, 15, 78
"/Users/marie/Documents/GBO-Updated/ios/AppWidgetTest/AppWidgetTestLiveActivity.swift", "Swift", 0, 0, 0, 0, 0, 0, 0, 59, 0, 0, 0, 0, 12, 10, 81
"/Users/marie/Documents/GBO-Updated/ios/AppWidgetTest/Assets.xcassets/AccentColor.colorset/Contents.json", "JSON", 0, 0, 0, 11, 0, 0, 0, 0, 0, 0, 0, 0, 0, 1, 12
"/Users/marie/Documents/GBO-Updated/ios/AppWidgetTest/Assets.xcassets/AppIcon.appiconset/Contents.json", "JSON", 0, 0, 0, 35, 0, 0, 0, 0, 0, 0, 0, 0, 0, 1, 36
"/Users/marie/Documents/GBO-Updated/ios/AppWidgetTest/Assets.xcassets/Contents.json", "JSON", 0, 0, 0, 6, 0, 0, 0, 0, 0, 0, 0, 0, 0, 1, 7
"/Users/marie/Documents/GBO-Updated/ios/AppWidgetTest/Assets.xcassets/WidgetBackground.colorset/Contents.json", "JSON", 0, 0, 0, 11, 0, 0, 0, 0, 0, 0, 0, 0, 0, 1, 12
"/Users/marie/Documents/GBO-Updated/ios/Flutter/Flutter 2.podspec", "Ruby", 0, 0, 0, 0, 0, 0, 11, 0, 0, 0, 0, 0, 6, 2, 19
"/Users/marie/Documents/GBO-Updated/ios/GBO.icon/icon.json", "JSON", 0, 0, 0, 81, 0, 0, 0, 0, 0, 0, 0, 0, 0, 0, 81
"/Users/marie/Documents/GBO-Updated/ios/GBOWidget/AppIntent.swift", "Swift", 0, 0, 0, 0, 0, 0, 0, 8, 0, 0, 0, 0, 7, 4, 19
"/Users/marie/Documents/GBO-Updated/ios/GBOWidget/Assets.xcassets/AccentColor.colorset/Contents.json", "JSON", 0, 0, 0, 11, 0, 0, 0, 0, 0, 0, 0, 0, 0, 1, 12
"/Users/marie/Documents/GBO-Updated/ios/GBOWidget/Assets.xcassets/AppIcon.appiconset/Contents.json", "JSON", 0, 0, 0, 35, 0, 0, 0, 0, 0, 0, 0, 0, 0, 1, 36
"/Users/marie/Documents/GBO-Updated/ios/GBOWidget/Assets.xcassets/Contents.json", "JSON", 0, 0, 0, 6, 0, 0, 0, 0, 0, 0, 0, 0, 0, 1, 7
"/Users/marie/Documents/GBO-Updated/ios/GBOWidget/Assets.xcassets/WidgetBackground.colorset/Contents.json", "JSON", 0, 0, 0, 11, 0, 0, 0, 0, 0, 0, 0, 0, 0, 1, 12
"/Users/marie/Documents/GBO-Updated/ios/GBOWidget/GBOWidget.swift", "Swift", 0, 0, 0, 0, 0, 0, 0, 62, 0, 0, 0, 0, 10, 17, 89
"/Users/marie/Documents/GBO-Updated/ios/GBOWidget/GBOWidgetBundle.swift", "Swift", 0, 0, 0, 0, 0, 0, 0, 10, 0, 0, 0, 0, 6, 3, 19
"/Users/marie/Documents/GBO-Updated/ios/GBOWidget/GBOWidgetControl.swift", "Swift", 0, 0, 0, 0, 0, 0, 0, 56, 0, 0, 0, 0, 7, 15, 78
"/Users/marie/Documents/GBO-Updated/ios/GBOWidget/GBOWidgetLiveActivity.swift", "Swift", 0, 0, 0, 0, 0, 0, 0, 101, 0, 0, 0, 0, 4, 17, 122
"/Users/marie/Documents/GBO-Updated/ios/Podfile", "Ruby", 0, 0, 0, 0, 0, 0, 35, 0, 0, 0, 0, 0, 2, 10, 47
"/Users/marie/Documents/GBO-Updated/ios/Runner/AppDelegate.swift", "Swift", 0, 0, 0, 0, 0, 0, 0, 640, 0, 0, 0, 0, 44, 146, 830
"/Users/marie/Documents/GBO-Updated/ios/Runner/Assets.xcassets/AppIcon.appiconset/Contents.json", "JSON", 0, 0, 0, 38, 0, 0, 0, 0, 0, 0, 0, 0, 0, 1, 39
"/Users/marie/Documents/GBO-Updated/ios/Runner/Assets.xcassets/Contents.json", "JSON", 0, 0, 0, 6, 0, 0, 0, 0, 0, 0, 0, 0, 0, 1, 7
"/Users/marie/Documents/GBO-Updated/ios/Runner/Assets.xcassets/LaunchImage.imageset/Contents.json", "JSON", 0, 0, 0, 23, 0, 0, 0, 0, 0, 0, 0, 0, 0, 1, 24
"/Users/marie/Documents/GBO-Updated/ios/Runner/Assets.xcassets/LaunchImage.imageset/README.md", "Markdown", 3, 0, 0, 0, 0, 0, 0, 0, 0, 0, 0, 0, 0, 2, 5
"/Users/marie/Documents/GBO-Updated/ios/Runner/Assets.xcassets/gbo_icon.dataset/Contents.json", "JSON", 0, 0, 0, 12, 0, 0, 0, 0, 0, 0, 0, 0, 0, 1, 13
"/Users/marie/Documents/GBO-Updated/ios/Runner/Assets.xcassets/logo.imageset/Contents.json", "JSON", 0, 0, 0, 21, 0, 0, 0, 0, 0, 0, 0, 0, 0, 1, 22
"/Users/marie/Documents/GBO-Updated/ios/Runner/Base.lproj/LaunchScreen.storyboard", "XML", 0, 0, 0, 0, 0, 0, 0, 0, 0, 0, 0, 36, 1, 1, 38
"/Users/marie/Documents/GBO-Updated/ios/Runner/Base.lproj/Main.storyboard", "XML", 0, 0, 0, 0, 0, 0, 0, 0, 0, 0, 0, 28, 1, 1, 30
"/Users/marie/Documents/GBO-Updated/ios/Runner/Runner-Bridging-Header.h", "C++", 0, 0, 0, 0, 0, 0, 0, 0, 0, 1, 0, 0, 0, 1, 2
"/Users/marie/Documents/GBO-Updated/ios/RunnerTests/RunnerTests.swift", "Swift", 0, 0, 0, 0, 0, 0, 0, 7, 0, 0, 0, 0, 2, 4, 13
"/Users/marie/Documents/GBO-Updated/ios/SETUP_INSTRUCTIONS.md", "Markdown", 71, 0, 0, 0, 0, 0, 0, 0, 0, 0, 0, 0, 0, 20, 91
"/Users/marie/Documents/GBO-Updated/lib/data/german_cities.dart", "Dart", 0, 0, 0, 0, 2222, 0, 0, 0, 0, 0, 0, 0, 6, 14, 2242
"/Users/marie/Documents/GBO-Updated/lib/firebase_config.dart", "Dart", 0, 0, 0, 0, 50, 0, 0, 0, 0, 0, 0, 0, 3, 6, 59
"/Users/marie/Documents/GBO-Updated/lib/main.dart", "Dart", 0, 0, 0, 0, 154, 0, 0, 0, 0, 0, 0, 0, 10, 18, 182
"/Users/marie/Documents/GBO-Updated/lib/models/city.dart", "Dart", 0, 0, 0, 0, 102, 0, 0, 0, 0, 0, 0, 0, 1, 11, 114
"/Users/marie/Documents/GBO-Updated/lib/models/club.dart", "Dart", 0, 0, 0, 0, 94, 0, 0, 0, 0, 0, 0, 0, 0, 6, 100
"/Users/marie/Documents/GBO-Updated/lib/models/coach_auth_request.dart", "Dart", 0, 0, 0, 0, 152, 0, 0, 0, 0, 0, 0, 0, 0, 9, 161
"/Users/marie/Documents/GBO-Updated/lib/models/court.dart", "Dart", 0, 0, 0, 0, 94, 0, 0, 0, 0, 0, 0, 0, 3, 7, 104
"/Users/marie/Documents/GBO-Updated/lib/models/delegate.dart", "Dart", 0, 0, 0, 0, 96, 0, 0, 0, 0, 0, 0, 0, 2, 11, 109
"/Users/marie/Documents/GBO-Updated/lib/models/device.dart", "Dart", 0, 0, 0, 0, 44, 0, 0, 0, 0, 0, 0, 0, 0, 5, 49
"/Users/marie/Documents/GBO-Updated/lib/models/donation.dart", "Dart", 0, 0, 0, 0, 88, 0, 0, 0, 0, 0, 0, 0, 0, 6, 94
"/Users/marie/Documents/GBO-Updated/lib/models/game.dart", "Dart", 0, 0, 0, 0, 249, 0, 0, 0, 0, 0, 0, 0, 2, 26, 277
"/Users/marie/Documents/GBO-Updated/lib/models/game_event.dart", "Dart", 0, 0, 0, 0, 220, 0, 0, 0, 0, 0, 0, 0, 0, 24, 244
"/Users/marie/Documents/GBO-Updated/lib/models/game_squad.dart", "Dart", 0, 0, 0, 0, 185, 0, 0, 0, 0, 0, 0, 0, 0, 17, 202
"/Users/marie/Documents/GBO-Updated/lib/models/kanban_board.dart", "Dart", 0, 0, 0, 0, 80, 0, 0, 0, 0, 0, 0, 0, 0, 6, 86
"/Users/marie/Documents/GBO-Updated/lib/models/kanban_task.dart", "Dart", 0, 0, 0, 0, 282, 0, 0, 0, 0, 0, 0, 0, 0, 17, 299
"/Users/marie/Documents/GBO-Updated/lib/models/managed_account.dart", "Dart", 0, 0, 0, 0, 161, 0, 0, 0, 0, 0, 0, 0, 0, 17, 178
"/Users/marie/Documents/GBO-Updated/lib/models/one_time_code.dart", "Dart", 0, 0, 0, 0, 80, 0, 0, 0, 0, 0, 0, 0, 4, 7, 91
"/Users/marie/Documents/GBO-Updated/lib/models/player.dart", "Dart", 0, 0, 0, 0, 99, 0, 0, 0, 0, 0, 0, 0, 0, 7, 106
"/Users/marie/Documents/GBO-Updated/lib/models/recent_account.dart", "Dart", 0, 0, 0, 0, 72, 0, 0, 0, 0, 0, 0, 0, 2, 12, 86
"/Users/marie/Documents/GBO-Updated/lib/models/referee.dart", "Dart", 0, 0, 0, 0, 154, 0, 0, 0, 0, 0, 0, 0, 6, 21, 181
"/Users/marie/Documents/GBO-Updated/lib/models/state.dart", "Dart", 0, 0, 0, 0, 75, 0, 0, 0, 0, 0, 0, 0, 0, 10, 85
"/Users/marie/Documents/GBO-Updated/lib/models/tablet_status.dart", "Dart", 0, 0, 0, 0, 77, 0, 0, 0, 0, 0, 0, 0, 3, 12, 92
"/Users/marie/Documents/GBO-Updated/lib/models/team.dart", "Dart", 0, 0, 0, 0, 102, 0, 0, 0, 0, 0, 0, 0, 0, 6, 108
"/Users/marie/Documents/GBO-Updated/lib/models/team_manager.dart", "Dart", 0, 0, 0, 0, 76, 0, 0, 0, 0, 0, 0, 0, 0, 5, 81
"/Users/marie/Documents/GBO-Updated/lib/models/tournament.dart", "Dart", 0, 0, 0, 0, 649, 0, 0, 0, 0, 0, 0, 0, 35, 70, 754
"/Users/marie/Documents/GBO-Updated/lib/models/tournament_criteria.dart", "Dart", 0, 0, 0, 0, 304, 0, 0, 0, 0, 0, 0, 0, 26, 27, 357
"/Users/marie/Documents/GBO-Updated/lib/models/user.dart", "Dart", 0, 0, 0, 0, 159, 0, 0, 0, 0, 0, 0, 0, 5, 10, 174
"/Users/marie/Documents/GBO-Updated/lib/screens/admin_donation_management_screen.dart", "Dart", 0, 0, 0, 0, 694, 0, 0, 0, 0, 0, 0, 0, 10, 49, 753
"/Users/marie/Documents/GBO-Updated/lib/screens/app_store_splash_screen.dart", "Dart", 0, 0, 0, 0, 276, 0, 0, 0, 0, 0, 0, 0, 18, 29, 323
"/Users/marie/Documents/GBO-Updated/lib/screens/bulk_add_delegates_screen.dart", "Dart", 0, 0, 0, 0, 327, 0, 0, 0, 0, 0, 0, 0, 2, 27, 356
"/Users/marie/Documents/GBO-Updated/lib/screens/bulk_add_players_screen.dart", "Dart", 0, 0, 0, 0, 610, 0, 0, 0, 0, 0, 0, 0, 19, 47, 676
"/Users/marie/Documents/GBO-Updated/lib/screens/bulk_add_referees_screen.dart", "Dart", 0, 0, 0, 0, 558, 0, 0, 0, 0, 0, 0, 0, 25, 39, 622
"/Users/marie/Documents/GBO-Updated/lib/screens/bulk_add_teams_screen.dart", "Dart", 0, 0, 0, 0, 631, 0, 0, 0, 0, 0, 0, 0, 38, 43, 712
"/Users/marie/Documents/GBO-Updated/lib/screens/city_migration_screen.dart", "Dart", 0, 0, 0, 0, 829, 0, 0, 0, 0, 0, 0, 0, 31, 111, 971
"/Users/marie/Documents/GBO-Updated/lib/screens/club_form_screen.dart", "Dart", 0, 0, 0, 0, 575, 0, 0, 0, 0, 0, 0, 0, 4, 35, 614
"/Users/marie/Documents/GBO-Updated/lib/screens/club_management_screen.dart", "Dart", 0, 0, 0, 0, 860, 0, 0, 0, 0, 0, 0, 0, 21, 62, 943
"/Users/marie/Documents/GBO-Updated/lib/screens/csv_player_processing_screen.dart", "Dart", 0, 0, 0, 0, 372, 0, 0, 0, 0, 0, 0, 0, 24, 37, 433
"/Users/marie/Documents/GBO-Updated/lib/screens/custom_notification_screen.dart", "Dart", 0, 0, 0, 0, 1362, 0, 0, 0, 0, 0, 0, 0, 31, 103, 1496
"/Users/marie/Documents/GBO-Updated/lib/screens/delegate_management_screen.dart", "Dart", 0, 0, 0, 0, 758, 0, 0, 0, 0, 0, 0, 0, 9, 36, 803
"/Users/marie/Documents/GBO-Updated/lib/screens/division_pools_screen.dart", "Dart", 0, 0, 0, 0, 278, 0, 0, 0, 0, 0, 0, 0, 13, 39, 330
"/Users/marie/Documents/GBO-Updated/lib/screens/donation_screen.dart", "Dart", 0, 0, 0, 0, 954, 0, 0, 0, 0, 0, 0, 0, 29, 98, 1081
"/Users/marie/Documents/GBO-Updated/lib/screens/game_edit_screen.dart", "Dart", 0, 0, 0, 0, 808, 0, 0, 0, 0, 0, 0, 0, 10, 56, 874
"/Users/marie/Documents/GBO-Updated/lib/screens/generate_sign_in_codes_screen.dart", "Dart", 0, 0, 0, 0, 327, 0, 0, 0, 0, 0, 0, 0, 10, 26, 363
"/Users/marie/Documents/GBO-Updated/lib/screens/graphics_control_screen.dart", "Dart", 0, 0, 0, 0, 594, 0, 0, 0, 0, 0, 0, 0, 6, 46, 646
"/Users/marie/Documents/GBO-Updated/lib/screens/home_screen.dart", "Dart", 0, 0, 0, 0, 530, 0, 0, 0, 0, 0, 0, 0, 48, 50, 628
"/Users/marie/Documents/GBO-Updated/lib/screens/kanban_board_screen.dart", "Dart", 0, 0, 0, 0, 712, 0, 0, 0, 0, 0, 0, 0, 19, 58, 789
"/Users/marie/Documents/GBO-Updated/lib/screens/login_screen.dart", "Dart", 0, 0, 0, 0, 1596, 0, 0, 0, 0, 0, 0, 0, 86, 135, 1817
"/Users/marie/Documents/GBO-Updated/lib/screens/managed_account_screen.dart", "Dart", 0, 0, 0, 0, 1815, 0, 0, 0, 0, 0, 0, 0, 10, 85, 1910
"/Users/marie/Documents/GBO-Updated/lib/screens/new_division_pools_screen.dart", "Dart", 0, 0, 0, 0, 2904, 0, 0, 0, 0, 0, 0, 0, 177, 232, 3313
"/Users/marie/Documents/GBO-Updated/lib/screens/obs_graphics_screen.dart", "Dart", 0, 0, 0, 0, 799, 0, 0, 0, 0, 0, 0, 0, 13, 54, 866
"/Users/marie/Documents/GBO-Updated/lib/screens/one_time_code_sign_in_screen.dart", "Dart", 0, 0, 0, 0, 340, 0, 0, 0, 0, 0, 0, 0, 10, 33, 383
"/Users/marie/Documents/GBO-Updated/lib/screens/player_management_screen.dart", "Dart", 0, 0, 0, 0, 921, 0, 0, 0, 0, 0, 0, 0, 24, 71, 1016
"/Users/marie/Documents/GBO-Updated/lib/screens/preset_management_screen.dart", "Dart", 0, 0, 0, 0, 585, 0, 0, 0, 0, 0, 0, 0, 15, 40, 640
"/Users/marie/Documents/GBO-Updated/lib/screens/preset_selection_screen.dart", "Dart", 0, 0, 0, 0, 1055, 0, 0, 0, 0, 0, 0, 0, 38, 80, 1173
"/Users/marie/Documents/GBO-Updated/lib/screens/profile_settings_screen.dart", "Dart", 0, 0, 0, 0, 440, 0, 0, 0, 0, 0, 0, 0, 7, 25, 472
"/Users/marie/Documents/GBO-Updated/lib/screens/rangliste_screen.dart", "Dart", 0, 0, 0, 0, 1238, 0, 0, 0, 0, 0, 0, 0, 58, 98, 1394
"/Users/marie/Documents/GBO-Updated/lib/screens/referee_dashboard_screen.dart", "Dart", 0, 0, 0, 0, 784, 0, 0, 0, 0, 0, 0, 0, 22, 49, 855
"/Users/marie/Documents/GBO-Updated/lib/screens/referee_games_screen.dart", "Dart", 0, 0, 0, 0, 401, 0, 0, 0, 0, 0, 0, 0, 26, 50, 477
"/Users/marie/Documents/GBO-Updated/lib/screens/referee_management_screen.dart", "Dart", 0, 0, 0, 0, 898, 0, 0, 0, 0, 0, 0, 0, 11, 43, 952
"/Users/marie/Documents/GBO-Updated/lib/screens/roster_creation_screen.dart", "Dart", 0, 0, 0, 0, 393, 0, 0, 0, 0, 0, 0, 0, 18, 31, 442
"/Users/marie/Documents/GBO-Updated/lib/screens/scoring_tablet_screen.dart", "Dart", 0, 0, 0, 0, 5839, 0, 0, 0, 0, 0, 0, 0, 281, 382, 6502
"/Users/marie/Documents/GBO-Updated/lib/screens/season_management_screen.dart", "Dart", 0, 0, 0, 0, 1123, 0, 0, 0, 0, 0, 0, 0, 49, 88, 1260
"/Users/marie/Documents/GBO-Updated/lib/screens/splash_screen.dart", "Dart", 0, 0, 0, 0, 176, 0, 0, 0, 0, 0, 0, 0, 12, 26, 214
"/Users/marie/Documents/GBO-Updated/lib/screens/squad_selection_screen.dart", "Dart", 0, 0, 0, 0, 652, 0, 0, 0, 0, 0, 0, 0, 11, 60, 723
"/Users/marie/Documents/GBO-Updated/lib/screens/team_club_migration_screen.dart", "Dart", 0, 0, 0, 0, 634, 0, 0, 0, 0, 0, 0, 0, 7, 37, 678
"/Users/marie/Documents/GBO-Updated/lib/screens/team_detail_screen.dart", "Dart", 0, 0, 0, 0, 1075, 0, 0, 0, 0, 0, 0, 0, 16, 64, 1155
"/Users/marie/Documents/GBO-Updated/lib/screens/team_details_screen.dart", "Dart", 0, 0, 0, 0, 644, 0, 0, 0, 0, 0, 0, 0, 15, 43, 702
"/Users/marie/Documents/GBO-Updated/lib/screens/team_edit_screen.dart", "Dart", 0, 0, 0, 0, 1663, 0, 0, 0, 0, 0, 0, 0, 29, 103, 1795
"/Users/marie/Documents/GBO-Updated/lib/screens/team_form_screen.dart", "Dart", 0, 0, 0, 0, 676, 0, 0, 0, 0, 0, 0, 0, 20, 32, 728
"/Users/marie/Documents/GBO-Updated/lib/screens/team_games_view.dart", "Dart", 0, 0, 0, 0, 398, 0, 0, 0, 0, 0, 0, 0, 15, 43, 456
"/Users/marie/Documents/GBO-Updated/lib/screens/team_management_screen.dart", "Dart", 0, 0, 0, 0, 1108, 0, 0, 0, 0, 0, 0, 0, 32, 71, 1211
"/Users/marie/Documents/GBO-Updated/lib/screens/team_manager_management_screen.dart", "Dart", 0, 0, 0, 0, 386, 0, 0, 0, 0, 0, 0, 0, 0, 28, 414
"/Users/marie/Documents/GBO-Updated/lib/screens/team_tournament_registration_screen.dart", "Dart", 0, 0, 0, 0, 669, 0, 0, 0, 0, 0, 0, 0, 8, 37, 714
"/Users/marie/Documents/GBO-Updated/lib/screens/to_software_screen.dart", "Dart", 0, 0, 0, 0, 2380, 0, 0, 0, 0, 0, 0, 0, 142, 151, 2673
"/Users/marie/Documents/GBO-Updated/lib/screens/tournament_creation_wizard.dart", "Dart", 0, 0, 0, 0, 1577, 0, 0, 0, 0, 0, 0, 0, 44, 70, 1691
"/Users/marie/Documents/GBO-Updated/lib/screens/tournament_detail_screen.dart", "Dart", 0, 0, 0, 0, 2596, 0, 0, 0, 0, 0, 0, 0, 68, 138, 2802
"/Users/marie/Documents/GBO-Updated/lib/screens/tournament_edit_screen.dart", "Dart", 0, 0, 0, 0, 11563, 0, 0, 0, 0, 0, 0, 0, 511, 728, 12802
"/Users/marie/Documents/GBO-Updated/lib/screens/tournament_games_screen.dart", "Dart", 0, 0, 0, 0, 754, 0, 0, 0, 0, 0, 0, 0, 34, 45, 833
"/Users/marie/Documents/GBO-Updated/lib/screens/tournament_management_screen.dart", "Dart", 0, 0, 0, 0, 920, 0, 0, 0, 0, 0, 0, 0, 37, 58, 1015
"/Users/marie/Documents/GBO-Updated/lib/screens/tournament_results_screen.dart", "Dart", 0, 0, 0, 0, 1251, 0, 0, 0, 0, 0, 0, 0, 79, 106, 1436
"/Users/marie/Documents/GBO-Updated/lib/screens/user_role_management_screen.dart", "Dart", 0, 0, 0, 0, 1235, 0, 0, 0, 0, 0, 0, 0, 34, 109, 1378
"/Users/marie/Documents/GBO-Updated/lib/screens/wallpaper_screen.dart", "Dart", 0, 0, 0, 0, 307, 0, 0, 0, 0, 0, 0, 0, 29, 38, 374
"/Users/marie/Documents/GBO-Updated/lib/services/auth_service.dart", "Dart", 0, 0, 0, 0, 539, 0, 0, 0, 0, 0, 0, 0, 67, 89, 695
"/Users/marie/Documents/GBO-Updated/lib/services/city_service.dart", "Dart", 0, 0, 0, 0, 319, 0, 0, 0, 0, 0, 0, 0, 37, 74, 430
"/Users/marie/Documents/GBO-Updated/lib/services/club_service.dart", "Dart", 0, 0, 0, 0, 112, 0, 0, 0, 0, 0, 0, 0, 10, 11, 133
"/Users/marie/Documents/GBO-Updated/lib/services/coach_auth_monitoring_service.dart", "Dart", 0, 0, 0, 0, 265, 0, 0, 0, 0, 0, 0, 0, 33, 53, 351
"/Users/marie/Documents/GBO-Updated/lib/services/court_service.dart", "Dart", 0, 0, 0, 0, 118, 0, 0, 0, 0, 0, 0, 0, 15, 20, 153
"/Users/marie/Documents/GBO-Updated/lib/services/custom_notification_service.dart", "Dart", 0, 0, 0, 0, 204, 0, 0, 0, 0, 0, 0, 0, 19, 25, 248
"/Users/marie/Documents/GBO-Updated/lib/services/delegate_service.dart", "Dart", 0, 0, 0, 0, 139, 0, 0, 0, 0, 0, 0, 0, 23, 27, 189
"/Users/marie/Documents/GBO-Updated/lib/services/donation_service.dart", "Dart", 0, 0, 0, 0, 100, 0, 0, 0, 0, 0, 0, 0, 11, 19, 130
"/Users/marie/Documents/GBO-Updated/lib/services/face_id_service.dart", "Dart", 0, 0, 0, 0, 355, 0, 0, 0, 0, 0, 0, 0, 22, 63, 440
"/Users/marie/Documents/GBO-Updated/lib/services/game_scheduler.dart", "Dart", 0, 0, 0, 0, 611, 0, 0, 0, 0, 0, 0, 0, 85, 118, 814
"/Users/marie/Documents/GBO-Updated/lib/services/game_service.dart", "Dart", 0, 0, 0, 0, 535, 0, 0, 0, 0, 0, 0, 0, 68, 117, 720
"/Users/marie/Documents/GBO-Updated/lib/services/game_squad_service.dart", "Dart", 0, 0, 0, 0, 300, 0, 0, 0, 0, 0, 0, 0, 25, 44, 369
"/Users/marie/Documents/GBO-Updated/lib/services/kanban_service.dart", "Dart", 0, 0, 0, 0, 325, 0, 0, 0, 0, 0, 0, 0, 15, 37, 377
"/Users/marie/Documents/GBO-Updated/lib/services/live_scoring_service.dart", "Dart", 0, 0, 0, 0, 394, 0, 0, 0, 0, 0, 0, 0, 40, 66, 500
"/Users/marie/Documents/GBO-Updated/lib/services/managed_account_service.dart", "Dart", 0, 0, 0, 0, 439, 0, 0, 0, 0, 0, 0, 0, 54, 78, 571
"/Users/marie/Documents/GBO-Updated/lib/services/notification_monitoring_service.dart", "Dart", 0, 0, 0, 0, 272, 0, 0, 0, 0, 0, 0, 0, 30, 47, 349
"/Users/marie/Documents/GBO-Updated/lib/services/player_service.dart", "Dart", 0, 0, 0, 0, 227, 0, 0, 0, 0, 0, 0, 0, 17, 25, 269
"/Users/marie/Documents/GBO-Updated/lib/services/preloader_service.dart", "Dart", 0, 0, 0, 0, 85, 0, 0, 0, 0, 0, 0, 0, 12, 18, 115
"/Users/marie/Documents/GBO-Updated/lib/services/preset_service.dart", "Dart", 0, 0, 0, 0, 105, 0, 0, 0, 0, 0, 0, 0, 3, 17, 125
"/Users/marie/Documents/GBO-Updated/lib/services/recent_accounts_service.dart", "Dart", 0, 0, 0, 0, 135, 0, 0, 0, 0, 0, 0, 0, 24, 33, 192
"/Users/marie/Documents/GBO-Updated/lib/services/referee_invitation_monitoring_service.dart", "Dart", 0, 0, 0, 0, 403, 0, 0, 0, 0, 0, 0, 0, 38, 70, 511
"/Users/marie/Documents/GBO-Updated/lib/services/referee_service.dart", "Dart", 0, 0, 0, 0, 294, 0, 0, 0, 0, 0, 0, 0, 39, 47, 380
"/Users/marie/Documents/GBO-Updated/lib/services/stripe_service.dart", "Dart", 0, 0, 0, 0, 152, 0, 0, 0, 0, 0, 0, 0, 11, 24, 187
"/Users/marie/Documents/GBO-Updated/lib/services/team_manager_service.dart", "Dart", 0, 0, 0, 0, 211, 0, 0, 0, 0, 0, 0, 0, 14, 26, 251
"/Users/marie/Documents/GBO-Updated/lib/services/team_service.dart", "Dart", 0, 0, 0, 0, 193, 0, 0, 0, 0, 0, 0, 0, 38, 42, 273
"/Users/marie/Documents/GBO-Updated/lib/services/tournament_service.dart", "Dart", 0, 0, 0, 0, 702, 0, 0, 0, 0, 0, 0, 0, 110, 147, 959
"/Users/marie/Documents/GBO-Updated/lib/utils/app_colors.dart", "Dart", 0, 0, 0, 0, 33, 0, 0, 0, 0, 0, 0, 0, 8, 8, 49
"/Users/marie/Documents/GBO-Updated/lib/utils/bracket_id_helper.dart", "Dart", 0, 0, 0, 0, 137, 0, 0, 0, 0, 0, 0, 0, 15, 16, 168
"/Users/marie/Documents/GBO-Updated/lib/utils/bracket_templates.dart", "Dart", 0, 0, 0, 0, 292, 0, 0, 0, 0, 0, 0, 0, 18, 27, 337
"/Users/marie/Documents/GBO-Updated/lib/utils/debug_filter.dart", "Dart", 0, 0, 0, 0, 18, 0, 0, 0, 0, 0, 0, 0, 4, 4, 26
"/Users/marie/Documents/GBO-Updated/lib/utils/firebase_cities_helper.dart", "Dart", 0, 0, 0, 0, 167, 0, 0, 0, 0, 0, 0, 0, 23, 29, 219
"/Users/marie/Documents/GBO-Updated/lib/utils/responsive_helper.dart", "Dart", 0, 0, 0, 0, 25, 0, 0, 0, 0, 0, 0, 0, 0, 5, 30
"/Users/marie/Documents/GBO-Updated/lib/utils/version_helper.dart", "Dart", 0, 0, 0, 0, 34, 0, 0, 0, 0, 0, 0, 0, 6, 8, 48
"/Users/marie/Documents/GBO-Updated/lib/utils/web_helper.dart", "Dart", 0, 0, 0, 0, 12, 0, 0, 0, 0, 0, 0, 0, 5, 1, 18
"/Users/marie/Documents/GBO-Updated/lib/widgets/admin_face_id_overlay.dart", "Dart", 0, 0, 0, 0, 218, 0, 0, 0, 0, 0, 0, 0, 5, 19, 242
"/Users/marie/Documents/GBO-Updated/lib/widgets/advanced_scheduling_dialog.dart", "Dart", 0, 0, 0, 0, 763, 0, 0, 0, 0, 0, 0, 0, 9, 51, 823
"/Users/marie/Documents/GBO-Updated/lib/widgets/coach_auth_overlay.dart", "Dart", 0, 0, 0, 0, 510, 0, 0, 0, 0, 0, 0, 0, 19, 41, 570
"/Users/marie/Documents/GBO-Updated/lib/widgets/create_task_dialog.dart", "Dart", 0, 0, 0, 0, 613, 0, 0, 0, 0, 0, 0, 0, 11, 40, 664
"/Users/marie/Documents/GBO-Updated/lib/widgets/custom_bracket_builder.dart", "Dart", 0, 0, 0, 0, 2943, 0, 0, 0, 0, 0, 0, 0, 140, 253, 3336
"/Users/marie/Documents/GBO-Updated/lib/widgets/face_id_dialog.dart", "Dart", 0, 0, 0, 0, 321, 0, 0, 0, 0, 0, 0, 0, 11, 24, 356
"/Users/marie/Documents/GBO-Updated/lib/widgets/gbo_loader.dart", "Dart", 0, 0, 0, 0, 127, 0, 0, 0, 0, 0, 0, 0, 0, 11, 138
"/Users/marie/Documents/GBO-Updated/lib/widgets/kanban_task_card.dart", "Dart", 0, 0, 0, 0, 294, 0, 0, 0, 0, 0, 0, 0, 10, 20, 324
"/Users/marie/Documents/GBO-Updated/lib/widgets/login_face_id_overlay.dart", "Dart", 0, 0, 0, 0, 445, 0, 0, 0, 0, 0, 0, 0, 23, 40, 508
"/Users/marie/Documents/GBO-Updated/lib/widgets/mixed_font_title.dart", "Dart", 0, 0, 0, 0, 23, 0, 0, 0, 0, 0, 0, 0, 0, 3, 26
"/Users/marie/Documents/GBO-Updated/lib/widgets/notification_status_widget.dart", "Dart", 0, 0, 0, 0, 202, 0, 0, 0, 0, 0, 0, 0, 7, 20, 229
"/Users/marie/Documents/GBO-Updated/lib/widgets/recent_accounts_widget.dart", "Dart", 0, 0, 0, 0, 322, 0, 0, 0, 0, 0, 0, 0, 3, 21, 346
"/Users/marie/Documents/GBO-Updated/lib/widgets/referee_invitation_bottom_overlay.dart", "Dart", 0, 0, 0, 0, 737, 0, 0, 0, 0, 0, 0, 0, 23, 32, 792
"/Users/marie/Documents/GBO-Updated/lib/widgets/referee_invitation_dialog.dart", "Dart", 0, 0, 0, 0, 308, 0, 0, 0, 0, 0, 0, 0, 7, 20, 335
"/Users/marie/Documents/GBO-Updated/lib/widgets/responsive_card.dart", "Dart", 0, 0, 0, 0, 107, 0, 0, 0, 0, 0, 0, 0, 0, 12, 119
"/Users/marie/Documents/GBO-Updated/lib/widgets/responsive_dashboard.dart", "Dart", 0, 0, 0, 0, 139, 0, 0, 0, 0, 0, 0, 0, 2, 10, 151
"/Users/marie/Documents/GBO-Updated/lib/widgets/responsive_layout.dart", "Dart", 0, 0, 0, 0, 129, 0, 0, 0, 0, 0, 0, 0, 0, 9, 138
"/Users/marie/Documents/GBO-Updated/lib/widgets/side_navigation.dart", "Dart", 0, 0, 0, 0, 1715, 0, 0, 0, 0, 0, 0, 0, 55, 99, 1869
"/Users/marie/Documents/GBO-Updated/lib/widgets/state_dropdown.dart", "Dart", 0, 0, 0, 0, 203, 0, 0, 0, 0, 0, 0, 0, 5, 18, 226
"/Users/marie/Documents/GBO-Updated/lib/widgets/task_detail_dialog.dart", "Dart", 0, 0, 0, 0, 1170, 0, 0, 0, 0, 0, 0, 0, 15, 86, 1271
"/Users/marie/Documents/GBO-Updated/lib/widgets/team_avatar.dart", "Dart", 0, 0, 0, 0, 103, 0, 0, 0, 0, 0, 0, 0, 2, 11, 116
"/Users/marie/Documents/GBO-Updated/lib/widgets/tournament_overview.dart", "Dart", 0, 0, 0, 0, 162, 0, 0, 0, 0, 0, 0, 0, 9, 11, 182
"/Users/marie/Documents/GBO-Updated/lib/widgets/tournament_timeline.dart", "Dart", 0, 0, 0, 0, 979, 0, 0, 0, 0, 0, 0, 0, 40, 65, 1084
"/Users/marie/Documents/GBO-Updated/live-graphics/gbo-overlay.html", "HTML", 0, 0, 0, 0, 0, 0, 0, 0, 536, 0, 0, 0, 5, 63, 604
"/Users/marie/Documents/GBO-Updated/live-graphics/graphics/css/common.css", "PostCSS", 0, 0, 0, 0, 0, 0, 0, 0, 0, 0, 0, 0, 0, 1, 1
"/Users/marie/Documents/GBO-Updated/live-graphics/graphics/css/lower-third.css", "PostCSS", 0, 0, 0, 0, 0, 0, 0, 0, 0, 0, 0, 0, 0, 1, 1
"/Users/marie/Documents/GBO-Updated/live-graphics/graphics/css/scoreboard.css", "PostCSS", 0, 0, 0, 0, 0, 0, 0, 0, 0, 0, 0, 0, 0, 1, 1
"/Users/marie/Documents/GBO-Updated/live-graphics/graphics/css/team-display.css", "PostCSS", 0, 0, 0, 0, 0, 0, 0, 0, 0, 0, 0, 0, 0, 1, 1
"/Users/marie/Documents/GBO-Updated/live-graphics/graphics/css/tournament-banner.css", "PostCSS", 0, 0, 0, 0, 0, 0, 0, 0, 0, 0, 0, 0, 0, 1, 1
"/Users/marie/Documents/GBO-Updated/live-graphics/graphics/js/common.js", "JavaScript", 0, 0, 0, 0, 0, 0, 0, 0, 0, 0, 0, 0, 0, 1, 1
"/Users/marie/Documents/GBO-Updated/live-graphics/graphics/lower-third.html", "HTML", 0, 0, 0, 0, 0, 0, 0, 0, 0, 0, 0, 0, 0, 1, 1
"/Users/marie/Documents/GBO-Updated/live-graphics/graphics/scoreboard.html", "HTML", 0, 0, 0, 0, 0, 0, 0, 0, 0, 0, 0, 0, 0, 1, 1
"/Users/marie/Documents/GBO-Updated/live-graphics/graphics/team-display.html", "HTML", 0, 0, 0, 0, 0, 0, 0, 0, 0, 0, 0, 0, 0, 1, 1
"/Users/marie/Documents/GBO-Updated/live-graphics/graphics/tournament-banner.html", "HTML", 0, 0, 0, 0, 0, 0, 0, 0, 0, 0, 0, 0, 0, 1, 1
"/Users/marie/Documents/GBO-Updated/live-graphics/package.json", "JSON", 0, 0, 0, 0, 0, 0, 0, 0, 0, 0, 0, 0, 0, 1, 1
"/Users/marie/Documents/GBO-Updated/pubspec.yaml", "YAML", 0, 57, 0, 0, 0, 0, 0, 0, 0, 0, 0, 0, 23, 8, 88
"/Users/marie/Documents/GBO-Updated/test/widget_test.dart", "Dart", 0, 0, 0, 0, 8, 0, 0, 0, 0, 0, 0, 0, 8, 5, 21
"/Users/marie/Documents/GBO-Updated/web/console_filter.js", "JavaScript", 0, 0, 0, 0, 0, 36, 0, 0, 0, 0, 0, 0, 7, 8, 51
"/Users/marie/Documents/GBO-Updated/web/index.html", "HTML", 0, 0, 0, 0, 0, 0, 0, 0, 178, 0, 0, 0, 24, 27, 229
"/Users/marie/Documents/GBO-Updated/web/manifest.json", "JSON", 0, 0, 0, 38, 0, 0, 0, 0, 0, 0, 0, 0, 0, 1, 39
"/Users/marie/Documents/GitHub/GBO-Updated/.github/workflows/firebase-hosting-merge.yml", "YAML", 0, -22, 0, 0, 0, 0, 0, 0, 0, 0, 0, 0, -2, -2, -26
"/Users/marie/Documents/GitHub/GBO-Updated/.github/workflows/firebase-hosting-pull-request.yml", "YAML", 0, -23, 0, 0, 0, 0, 0, 0, 0, 0, 0, 0, -2, -2, -27
"/Users/marie/Documents/GitHub/GBO-Updated/BUILD_SCRIPTS.md", "Markdown", -67, 0, 0, 0, 0, 0, 0, 0, 0, 0, 0, 0, 0, -18, -85
"/Users/marie/Documents/GitHub/GBO-Updated/GBO-Updated/pubspec.yaml", "YAML", 0, -12, 0, 0, 0, 0, 0, 0, 0, 0, 0, 0, 0, -2, -14
"/Users/marie/Documents/GitHub/GBO-Updated/README.md", "Markdown", -65, 0, 0, 0, 0, 0, 0, 0, 0, 0, 0, 0, 0, -25, -90
"/Users/marie/Documents/GitHub/GBO-Updated/analysis_options.yaml", "YAML", 0, -3, 0, 0, 0, 0, 0, 0, 0, 0, 0, 0, -22, -4, -29
"/Users/marie/Documents/GitHub/GBO-Updated/build.sh", "Shell Script", 0, 0, -112, 0, 0, 0, 0, 0, 0, 0, 0, 0, -12, -18, -142
"/Users/marie/Documents/GitHub/GBO-Updated/build_and_bump.sh", "Shell Script", 0, 0, -57, 0, 0, 0, 0, 0, 0, 0, 0, 0, -10, -12, -79
"/Users/marie/Documents/GitHub/GBO-Updated/build_android.sh", "Shell Script", 0, 0, -59, 0, 0, 0, 0, 0, 0, 0, 0, 0, -11, -13, -83
"/Users/marie/Documents/GitHub/GBO-Updated/bump_major.sh", "Shell Script", 0, 0, -7, 0, 0, 0, 0, 0, 0, 0, 0, 0, -5, -5, -17
"/Users/marie/Documents/GitHub/GBO-Updated/bump_minor.sh", "Shell Script", 0, 0, -7, 0, 0, 0, 0, 0, 0, 0, 0, 0, -5, -5, -17
"/Users/marie/Documents/GitHub/GBO-Updated/bump_version.sh", "Shell Script", 0, 0, -7, 0, 0, 0, 0, 0, 0, 0, 0, 0, -5, -5, -17
"/Users/marie/Documents/GitHub/GBO-Updated/deploy.sh", "Shell Script", 0, 0, -31, 0, 0, 0, 0, 0, 0, 0, 0, 0, -4, -9, -44
"/Users/marie/Documents/GitHub/GBO-Updated/firebase.json", "JSON", 0, 0, 0, -27, 0, 0, 0, 0, 0, 0, 0, 0, 0, -1, -28
"/Users/marie/Documents/GitHub/GBO-Updated/ios/AppWidgetTest/AppIntent.swift", "Swift", 0, 0, 0, 0, 0, 0, 0, -8, 0, 0, 0, 0, -7, -4, -19
"/Users/marie/Documents/GitHub/GBO-Updated/ios/AppWidgetTest/AppWidgetTest.swift", "Swift", 0, 0, 0, 0, 0, 0, 0, -62, 0, 0, 0, 0, -10, -17, -89
"/Users/marie/Documents/GitHub/GBO-Updated/ios/AppWidgetTest/AppWidgetTestBundle.swift", "Swift", 0, 0, 0, 0, 0, 0, 0, -10, 0, 0, 0, 0, -6, -3, -19
"/Users/marie/Documents/GitHub/GBO-Updated/ios/AppWidgetTest/AppWidgetTestControl.swift", "Swift", 0, 0, 0, 0, 0, 0, 0, -56, 0, 0, 0, 0, -7, -15, -78
"/Users/marie/Documents/GitHub/GBO-Updated/ios/AppWidgetTest/AppWidgetTestLiveActivity.swift", "Swift", 0, 0, 0, 0, 0, 0, 0, -59, 0, 0, 0, 0, -12, -10, -81
"/Users/marie/Documents/GitHub/GBO-Updated/ios/AppWidgetTest/Assets.xcassets/AccentColor.colorset/Contents.json", "JSON", 0, 0, 0, -11, 0, 0, 0, 0, 0, 0, 0, 0, 0, -1, -12
"/Users/marie/Documents/GitHub/GBO-Updated/ios/AppWidgetTest/Assets.xcassets/AppIcon.appiconset/Contents.json", "JSON", 0, 0, 0, -35, 0, 0, 0, 0, 0, 0, 0, 0, 0, -1, -36
"/Users/marie/Documents/GitHub/GBO-Updated/ios/AppWidgetTest/Assets.xcassets/Contents.json", "JSON", 0, 0, 0, -6, 0, 0, 0, 0, 0, 0, 0, 0, 0, -1, -7
"/Users/marie/Documents/GitHub/GBO-Updated/ios/AppWidgetTest/Assets.xcassets/WidgetBackground.colorset/Contents.json", "JSON", 0, 0, 0, -11, 0, 0, 0, 0, 0, 0, 0, 0, 0, -1, -12
"/Users/marie/Documents/GitHub/GBO-Updated/ios/GBOWidget/AppIntent.swift", "Swift", 0, 0, 0, 0, 0, 0, 0, -8, 0, 0, 0, 0, -7, -4, -19
"/Users/marie/Documents/GitHub/GBO-Updated/ios/GBOWidget/Assets.xcassets/AccentColor.colorset/Contents.json", "JSON", 0, 0, 0, -11, 0, 0, 0, 0, 0, 0, 0, 0, 0, -1, -12
"/Users/marie/Documents/GitHub/GBO-Updated/ios/GBOWidget/Assets.xcassets/AppIcon.appiconset/Contents.json", "JSON", 0, 0, 0, -35, 0, 0, 0, 0, 0, 0, 0, 0, 0, -1, -36
"/Users/marie/Documents/GitHub/GBO-Updated/ios/GBOWidget/Assets.xcassets/Contents.json", "JSON", 0, 0, 0, -6, 0, 0, 0, 0, 0, 0, 0, 0, 0, -1, -7
"/Users/marie/Documents/GitHub/GBO-Updated/ios/GBOWidget/Assets.xcassets/WidgetBackground.colorset/Contents.json", "JSON", 0, 0, 0, -11, 0, 0, 0, 0, 0, 0, 0, 0, 0, -1, -12
"/Users/marie/Documents/GitHub/GBO-Updated/ios/GBOWidget/GBOWidget.swift", "Swift", 0, 0, 0, 0, 0, 0, 0, -62, 0, 0, 0, 0, -10, -17, -89
"/Users/marie/Documents/GitHub/GBO-Updated/ios/GBOWidget/GBOWidgetBundle.swift", "Swift", 0, 0, 0, 0, 0, 0, 0, -10, 0, 0, 0, 0, -6, -3, -19
"/Users/marie/Documents/GitHub/GBO-Updated/ios/GBOWidget/GBOWidgetControl.swift", "Swift", 0, 0, 0, 0, 0, 0, 0, -56, 0, 0, 0, 0, -7, -15, -78
"/Users/marie/Documents/GitHub/GBO-Updated/ios/GBOWidget/GBOWidgetLiveActivity.swift", "Swift", 0, 0, 0, 0, 0, 0, 0, -101, 0, 0, 0, 0, -4, -17, -122
"/Users/marie/Documents/GitHub/GBO-Updated/ios/Runner/AppDelegate.swift", "Swift", 0, 0, 0, 0, 0, 0, 0, -640, 0, 0, 0, 0, -44, -146, -830
"/Users/marie/Documents/GitHub/GBO-Updated/ios/Runner/Assets.xcassets/AppIcon.appiconset/Contents.json", "JSON", 0, 0, 0, -38, 0, 0, 0, 0, 0, 0, 0, 0, 0, -1, -39
"/Users/marie/Documents/GitHub/GBO-Updated/ios/Runner/Assets.xcassets/Contents.json", "JSON", 0, 0, 0, -6, 0, 0, 0, 0, 0, 0, 0, 0, 0, -1, -7
"/Users/marie/Documents/GitHub/GBO-Updated/ios/Runner/Assets.xcassets/LaunchImage.imageset/Contents.json", "JSON", 0, 0, 0, -23, 0, 0, 0, 0, 0, 0, 0, 0, 0, -1, -24
"/Users/marie/Documents/GitHub/GBO-Updated/ios/Runner/Assets.xcassets/LaunchImage.imageset/README.md", "Markdown", -3, 0, 0, 0, 0, 0, 0, 0, 0, 0, 0, 0, 0, -2, -5
"/Users/marie/Documents/GitHub/GBO-Updated/ios/Runner/Assets.xcassets/gbo_icon.dataset/Contents.json", "JSON", 0, 0, 0, -12, 0, 0, 0, 0, 0, 0, 0, 0, 0, -1, -13
"/Users/marie/Documents/GitHub/GBO-Updated/ios/Runner/Assets.xcassets/logo.imageset/Contents.json", "JSON", 0, 0, 0, -21, 0, 0, 0, 0, 0, 0, 0, 0, 0, -1, -22
"/Users/marie/Documents/GitHub/GBO-Updated/ios/Runner/Base.lproj/LaunchScreen.storyboard", "XML", 0, 0, 0, 0, 0, 0, 0, 0, 0, 0, 0, -36, -1, -1, -38
"/Users/marie/Documents/GitHub/GBO-Updated/ios/Runner/Base.lproj/Main.storyboard", "XML", 0, 0, 0, 0, 0, 0, 0, 0, 0, 0, 0, -28, -1, -1, -30
"/Users/marie/Documents/GitHub/GBO-Updated/ios/Runner/Runner-Bridging-Header.h", "C++", 0, 0, 0, 0, 0, 0, 0, 0, 0, -1, 0, 0, 0, -1, -2
"/Users/marie/Documents/GitHub/GBO-Updated/ios/RunnerTests/RunnerTests.swift", "Swift", 0, 0, 0, 0, 0, 0, 0, -7, 0, 0, 0, 0, -2, -4, -13
"/Users/marie/Documents/GitHub/GBO-Updated/ios/SETUP_INSTRUCTIONS.md", "Markdown", -71, 0, 0, 0, 0, 0, 0, 0, 0, 0, 0, 0, 0, -20, -91
"/Users/marie/Documents/GitHub/GBO-Updated/lib/data/german_cities.dart", "Dart", 0, 0, 0, 0, -2222, 0, 0, 0, 0, 0, 0, 0, -6, -14, -2242
"/Users/marie/Documents/GitHub/GBO-Updated/lib/firebase_config.dart", "Dart", 0, 0, 0, 0, -51, 0, 0, 0, 0, 0, 0, 0, -3, -6, -60
"/Users/marie/Documents/GitHub/GBO-Updated/lib/main.dart", "Dart", 0, 0, 0, 0, -110, 0, 0, 0, 0, 0, 0, 0, -5, -11, -126
"/Users/marie/Documents/GitHub/GBO-Updated/lib/models/club.dart", "Dart", 0, 0, 0, 0, -94, 0, 0, 0, 0, 0, 0, 0, 0, -6, -100
"/Users/marie/Documents/GitHub/GBO-Updated/lib/models/coach_auth_request.dart", "Dart", 0, 0, 0, 0, -152, 0, 0, 0, 0, 0, 0, 0, 0, -9, -161
"/Users/marie/Documents/GitHub/GBO-Updated/lib/models/court.dart", "Dart", 0, 0, 0, 0, -94, 0, 0, 0, 0, 0, 0, 0, -3, -7, -104
"/Users/marie/Documents/GitHub/GBO-Updated/lib/models/delegate.dart", "Dart", 0, 0, 0, 0, -96, 0, 0, 0, 0, 0, 0, 0, -2, -11, -109
"/Users/marie/Documents/GitHub/GBO-Updated/lib/models/device.dart", "Dart", 0, 0, 0, 0, -44, 0, 0, 0, 0, 0, 0, 0, 0, -5, -49
"/Users/marie/Documents/GitHub/GBO-Updated/lib/models/game.dart", "Dart", 0, 0, 0, 0, -249, 0, 0, 0, 0, 0, 0, 0, -2, -26, -277
"/Users/marie/Documents/GitHub/GBO-Updated/lib/models/game_event.dart", "Dart", 0, 0, 0, 0, -220, 0, 0, 0, 0, 0, 0, 0, 0, -24, -244
"/Users/marie/Documents/GitHub/GBO-Updated/lib/models/game_squad.dart", "Dart", 0, 0, 0, 0, -185, 0, 0, 0, 0, 0, 0, 0, 0, -17, -202
"/Users/marie/Documents/GitHub/GBO-Updated/lib/models/kanban_board.dart", "Dart", 0, 0, 0, 0, -80, 0, 0, 0, 0, 0, 0, 0, 0, -6, -86
"/Users/marie/Documents/GitHub/GBO-Updated/lib/models/kanban_task.dart", "Dart", 0, 0, 0, 0, -282, 0, 0, 0, 0, 0, 0, 0, 0, -17, -299
"/Users/marie/Documents/GitHub/GBO-Updated/lib/models/managed_account.dart", "Dart", 0, 0, 0, 0, -161, 0, 0, 0, 0, 0, 0, 0, 0, -17, -178
"/Users/marie/Documents/GitHub/GBO-Updated/lib/models/player.dart", "Dart", 0, 0, 0, 0, -93, 0, 0, 0, 0, 0, 0, 0, 0, -7, -100
"/Users/marie/Documents/GitHub/GBO-Updated/lib/models/referee.dart", "Dart", 0, 0, 0, 0, -154, 0, 0, 0, 0, 0, 0, 0, -6, -21, -181
"/Users/marie/Documents/GitHub/GBO-Updated/lib/models/team.dart", "Dart", 0, 0, 0, 0, -63, 0, 0, 0, 0, 0, 0, 0, 0, -5, -68
"/Users/marie/Documents/GitHub/GBO-Updated/lib/models/team_manager.dart", "Dart", 0, 0, 0, 0, -76, 0, 0, 0, 0, 0, 0, 0, 0, -5, -81
"/Users/marie/Documents/GitHub/GBO-Updated/lib/models/tournament.dart", "Dart", 0, 0, 0, 0, -609, 0, 0, 0, 0, 0, 0, 0, -28, -64, -701
"/Users/marie/Documents/GitHub/GBO-Updated/lib/models/tournament_criteria.dart", "Dart", 0, 0, 0, 0, -304, 0, 0, 0, 0, 0, 0, 0, -26, -27, -357
"/Users/marie/Documents/GitHub/GBO-Updated/lib/models/user.dart", "Dart", 0, 0, 0, 0, -141, 0, 0, 0, 0, 0, 0, 0, -5, -10, -156
"/Users/marie/Documents/GitHub/GBO-Updated/lib/screens/bulk_add_delegates_screen.dart", "Dart", 0, 0, 0, 0, -327, 0, 0, 0, 0, 0, 0, 0, -2, -27, -356
"/Users/marie/Documents/GitHub/GBO-Updated/lib/screens/bulk_add_players_screen.dart", "Dart", 0, 0, 0, 0, -610, 0, 0, 0, 0, 0, 0, 0, -19, -47, -676
"/Users/marie/Documents/GitHub/GBO-Updated/lib/screens/bulk_add_referees_screen.dart", "Dart", 0, 0, 0, 0, -558, 0, 0, 0, 0, 0, 0, 0, -25, -39, -622
"/Users/marie/Documents/GitHub/GBO-Updated/lib/screens/bulk_add_teams_screen.dart", "Dart", 0, 0, 0, 0, -647, 0, 0, 0, 0, 0, 0, 0, -40, -44, -731
"/Users/marie/Documents/GitHub/GBO-Updated/lib/screens/club_form_screen.dart", "Dart", 0, 0, 0, 0, -606, 0, 0, 0, 0, 0, 0, 0, -5, -34, -645
"/Users/marie/Documents/GitHub/GBO-Updated/lib/screens/club_management_screen.dart", "Dart", 0, 0, 0, 0, -898, 0, 0, 0, 0, 0, 0, 0, -22, -61, -981
"/Users/marie/Documents/GitHub/GBO-Updated/lib/screens/custom_notification_screen.dart", "Dart", 0, 0, 0, 0, -1347, 0, 0, 0, 0, 0, 0, 0, -22, -100, -1469
"/Users/marie/Documents/GitHub/GBO-Updated/lib/screens/delegate_management_screen.dart", "Dart", 0, 0, 0, 0, -758, 0, 0, 0, 0, 0, 0, 0, -9, -36, -803
"/Users/marie/Documents/GitHub/GBO-Updated/lib/screens/division_pools_screen.dart", "Dart", 0, 0, 0, 0, -278, 0, 0, 0, 0, 0, 0, 0, -13, -39, -330
"/Users/marie/Documents/GitHub/GBO-Updated/lib/screens/home_screen.dart", "Dart", 0, 0, 0, 0, -383, 0, 0, 0, 0, 0, 0, 0, -38, -37, -458
"/Users/marie/Documents/GitHub/GBO-Updated/lib/screens/kanban_board_screen.dart", "Dart", 0, 0, 0, 0, -712, 0, 0, 0, 0, 0, 0, 0, -19, -58, -789
"/Users/marie/Documents/GitHub/GBO-Updated/lib/screens/login_screen.dart", "Dart", 0, 0, 0, 0, -1419, 0, 0, 0, 0, 0, 0, 0, -65, -109, -1593
"/Users/marie/Documents/GitHub/GBO-Updated/lib/screens/managed_account_screen.dart", "Dart", 0, 0, 0, 0, -1815, 0, 0, 0, 0, 0, 0, 0, -10, -85, -1910
"/Users/marie/Documents/GitHub/GBO-Updated/lib/screens/new_division_pools_screen.dart", "Dart", 0, 0, 0, 0, -2904, 0, 0, 0, 0, 0, 0, 0, -177, -232, -3313
"/Users/marie/Documents/GitHub/GBO-Updated/lib/screens/player_management_screen.dart", "Dart", 0, 0, 0, 0, -529, 0, 0, 0, 0, 0, 0, 0, -12, -34, -575
"/Users/marie/Documents/GitHub/GBO-Updated/lib/screens/preset_management_screen.dart", "Dart", 0, 0, 0, 0, -585, 0, 0, 0, 0, 0, 0, 0, -15, -40, -640
"/Users/marie/Documents/GitHub/GBO-Updated/lib/screens/preset_selection_screen.dart", "Dart", 0, 0, 0, 0, -1055, 0, 0, 0, 0, 0, 0, 0, -38, -80, -1173
"/Users/marie/Documents/GitHub/GBO-Updated/lib/screens/profile_settings_screen.dart", "Dart", 0, 0, 0, 0, -367, 0, 0, 0, 0, 0, 0, 0, -5, -21, -393
"/Users/marie/Documents/GitHub/GBO-Updated/lib/screens/referee_dashboard_screen.dart", "Dart", 0, 0, 0, 0, -784, 0, 0, 0, 0, 0, 0, 0, -22, -49, -855
"/Users/marie/Documents/GitHub/GBO-Updated/lib/screens/referee_games_screen.dart", "Dart", 0, 0, 0, 0, -401, 0, 0, 0, 0, 0, 0, 0, -26, -50, -477
"/Users/marie/Documents/GitHub/GBO-Updated/lib/screens/referee_management_screen.dart", "Dart", 0, 0, 0, 0, -898, 0, 0, 0, 0, 0, 0, 0, -11, -43, -952
"/Users/marie/Documents/GitHub/GBO-Updated/lib/screens/roster_creation_screen.dart", "Dart", 0, 0, 0, 0, -393, 0, 0, 0, 0, 0, 0, 0, -18, -31, -442
"/Users/marie/Documents/GitHub/GBO-Updated/lib/screens/scoring_tablet_screen.dart", "Dart", 0, 0, 0, 0, -5727, 0, 0, 0, 0, 0, 0, 0, -253, -348, -6328
"/Users/marie/Documents/GitHub/GBO-Updated/lib/screens/squad_selection_screen.dart", "Dart", 0, 0, 0, 0, -652, 0, 0, 0, 0, 0, 0, 0, -11, -60, -723
"/Users/marie/Documents/GitHub/GBO-Updated/lib/screens/team_club_migration_screen.dart", "Dart", 0, 0, 0, 0, -635, 0, 0, 0, 0, 0, 0, 0, -7, -36, -678
"/Users/marie/Documents/GitHub/GBO-Updated/lib/screens/team_detail_screen.dart", "Dart", 0, 0, 0, 0, -1075, 0, 0, 0, 0, 0, 0, 0, -16, -64, -1155
"/Users/marie/Documents/GitHub/GBO-Updated/lib/screens/team_edit_screen.dart", "Dart", 0, 0, 0, 0, -1669, 0, 0, 0, 0, 0, 0, 0, -29, -104, -1802
"/Users/marie/Documents/GitHub/GBO-Updated/lib/screens/team_form_screen.dart", "Dart", 0, 0, 0, 0, -694, 0, 0, 0, 0, 0, 0, 0, -20, -33, -747
"/Users/marie/Documents/GitHub/GBO-Updated/lib/screens/team_games_view.dart", "Dart", 0, 0, 0, 0, -398, 0, 0, 0, 0, 0, 0, 0, -15, -43, -456
"/Users/marie/Documents/GitHub/GBO-Updated/lib/screens/team_management_screen.dart", "Dart", 0, 0, 0, 0, -1109, 0, 0, 0, 0, 0, 0, 0, -32, -70, -1211
"/Users/marie/Documents/GitHub/GBO-Updated/lib/screens/team_manager_management_screen.dart", "Dart", 0, 0, 0, 0, -386, 0, 0, 0, 0, 0, 0, 0, 0, -28, -414
"/Users/marie/Documents/GitHub/GBO-Updated/lib/screens/team_tournament_registration_screen.dart", "Dart", 0, 0, 0, 0, -669, 0, 0, 0, 0, 0, 0, 0, -8, -37, -714
"/Users/marie/Documents/GitHub/GBO-Updated/lib/screens/tournament_creation_wizard.dart", "Dart", 0, 0, 0, 0, -1565, 0, 0, 0, 0, 0, 0, 0, -43, -68, -1676
"/Users/marie/Documents/GitHub/GBO-Updated/lib/screens/tournament_detail_screen.dart", "Dart", 0, 0, 0, 0, -2596, 0, 0, 0, 0, 0, 0, 0, -68, -138, -2802
"/Users/marie/Documents/GitHub/GBO-Updated/lib/screens/tournament_edit_screen.dart", "Dart", 0, 0, 0, 0, -11001, 0, 0, 0, 0, 0, 0, 0, -473, -682, -12156
"/Users/marie/Documents/GitHub/GBO-Updated/lib/screens/tournament_games_screen.dart", "Dart", 0, 0, 0, 0, -754, 0, 0, 0, 0, 0, 0, 0, -34, -45, -833
"/Users/marie/Documents/GitHub/GBO-Updated/lib/screens/tournament_management_screen.dart", "Dart", 0, 0, 0, 0, -920, 0, 0, 0, 0, 0, 0, 0, -37, -58, -1015
"/Users/marie/Documents/GitHub/GBO-Updated/lib/screens/user_role_management_screen.dart", "Dart", 0, 0, 0, 0, -1276, 0, 0, 0, 0, 0, 0, 0, -32, -107, -1415
"/Users/marie/Documents/GitHub/GBO-Updated/lib/services/auth_service.dart", "Dart", 0, 0, 0, 0, -466, 0, 0, 0, 0, 0, 0, 0, -59, -75, -600
"/Users/marie/Documents/GitHub/GBO-Updated/lib/services/club_service.dart", "Dart", 0, 0, 0, 0, -112, 0, 0, 0, 0, 0, 0, 0, -10, -11, -133
"/Users/marie/Documents/GitHub/GBO-Updated/lib/services/coach_auth_monitoring_service.dart", "Dart", 0, 0, 0, 0, -265, 0, 0, 0, 0, 0, 0, 0, -33, -53, -351
"/Users/marie/Documents/GitHub/GBO-Updated/lib/services/court_service.dart", "Dart", 0, 0, 0, 0, -118, 0, 0, 0, 0, 0, 0, 0, -15, -20, -153
"/Users/marie/Documents/GitHub/GBO-Updated/lib/services/custom_notification_service.dart", "Dart", 0, 0, 0, 0, -204, 0, 0, 0, 0, 0, 0, 0, -19, -25, -248
"/Users/marie/Documents/GitHub/GBO-Updated/lib/services/delegate_service.dart", "Dart", 0, 0, 0, 0, -139, 0, 0, 0, 0, 0, 0, 0, -23, -27, -189
"/Users/marie/Documents/GitHub/GBO-Updated/lib/services/face_id_service.dart", "Dart", 0, 0, 0, 0, -271, 0, 0, 0, 0, 0, 0, 0, -22, -54, -347
"/Users/marie/Documents/GitHub/GBO-Updated/lib/services/game_scheduler.dart", "Dart", 0, 0, 0, 0, -611, 0, 0, 0, 0, 0, 0, 0, -85, -118, -814
"/Users/marie/Documents/GitHub/GBO-Updated/lib/services/game_service.dart", "Dart", 0, 0, 0, 0, -535, 0, 0, 0, 0, 0, 0, 0, -68, -117, -720
"/Users/marie/Documents/GitHub/GBO-Updated/lib/services/game_squad_service.dart", "Dart", 0, 0, 0, 0, -300, 0, 0, 0, 0, 0, 0, 0, -25, -44, -369
"/Users/marie/Documents/GitHub/GBO-Updated/lib/services/kanban_service.dart", "Dart", 0, 0, 0, 0, -320, 0, 0, 0, 0, 0, 0, 0, -11, -34, -365
"/Users/marie/Documents/GitHub/GBO-Updated/lib/services/live_scoring_service.dart", "Dart", 0, 0, 0, 0, -394, 0, 0, 0, 0, 0, 0, 0, -40, -66, -500
"/Users/marie/Documents/GitHub/GBO-Updated/lib/services/managed_account_service.dart", "Dart", 0, 0, 0, 0, -319, 0, 0, 0, 0, 0, 0, 0, -39, -54, -412
"/Users/marie/Documents/GitHub/GBO-Updated/lib/services/notification_monitoring_service.dart", "Dart", 0, 0, 0, 0, -272, 0, 0, 0, 0, 0, 0, 0, -30, -47, -349
"/Users/marie/Documents/GitHub/GBO-Updated/lib/services/player_service.dart", "Dart", 0, 0, 0, 0, -206, 0, 0, 0, 0, 0, 0, 0, -16, -25, -247
"/Users/marie/Documents/GitHub/GBO-Updated/lib/services/preloader_service.dart", "Dart", 0, 0, 0, 0, -85, 0, 0, 0, 0, 0, 0, 0, -12, -18, -115
"/Users/marie/Documents/GitHub/GBO-Updated/lib/services/preset_service.dart", "Dart", 0, 0, 0, 0, -105, 0, 0, 0, 0, 0, 0, 0, -3, -17, -125
"/Users/marie/Documents/GitHub/GBO-Updated/lib/services/referee_invitation_monitoring_service.dart", "Dart", 0, 0, 0, 0, -403, 0, 0, 0, 0, 0, 0, 0, -38, -70, -511
"/Users/marie/Documents/GitHub/GBO-Updated/lib/services/referee_service.dart", "Dart", 0, 0, 0, 0, -294, 0, 0, 0, 0, 0, 0, 0, -39, -47, -380
"/Users/marie/Documents/GitHub/GBO-Updated/lib/services/team_manager_service.dart", "Dart", 0, 0, 0, 0, -211, 0, 0, 0, 0, 0, 0, 0, -14, -26, -251
"/Users/marie/Documents/GitHub/GBO-Updated/lib/services/team_service.dart", "Dart", 0, 0, 0, 0, -139, 0, 0, 0, 0, 0, 0, 0, -27, -29, -195
"/Users/marie/Documents/GitHub/GBO-Updated/lib/services/tournament_service.dart", "Dart", 0, 0, 0, 0, -653, 0, 0, 0, 0, 0, 0, 0, -103, -142, -898
"/Users/marie/Documents/GitHub/GBO-Updated/lib/utils/app_colors.dart", "Dart", 0, 0, 0, 0, -33, 0, 0, 0, 0, 0, 0, 0, -8, -8, -49
"/Users/marie/Documents/GitHub/GBO-Updated/lib/utils/bracket_id_helper.dart", "Dart", 0, 0, 0, 0, -137, 0, 0, 0, 0, 0, 0, 0, -15, -16, -168
"/Users/marie/Documents/GitHub/GBO-Updated/lib/utils/bracket_templates.dart", "Dart", 0, 0, 0, 0, -292, 0, 0, 0, 0, 0, 0, 0, -18, -27, -337
"/Users/marie/Documents/GitHub/GBO-Updated/lib/utils/responsive_helper.dart", "Dart", 0, 0, 0, 0, -25, 0, 0, 0, 0, 0, 0, 0, 0, -5, -30
"/Users/marie/Documents/GitHub/GBO-Updated/lib/widgets/admin_face_id_overlay.dart", "Dart", 0, 0, 0, 0, -219, 0, 0, 0, 0, 0, 0, 0, -5, -18, -242
"/Users/marie/Documents/GitHub/GBO-Updated/lib/widgets/advanced_scheduling_dialog.dart", "Dart", 0, 0, 0, 0, -764, 0, 0, 0, 0, 0, 0, 0, -9, -50, -823
"/Users/marie/Documents/GitHub/GBO-Updated/lib/widgets/coach_auth_overlay.dart", "Dart", 0, 0, 0, 0, -510, 0, 0, 0, 0, 0, 0, 0, -19, -41, -570
"/Users/marie/Documents/GitHub/GBO-Updated/lib/widgets/create_task_dialog.dart", "Dart", 0, 0, 0, 0, -616, 0, 0, 0, 0, 0, 0, 0, -11, -39, -666
"/Users/marie/Documents/GitHub/GBO-Updated/lib/widgets/custom_bracket_builder.dart", "Dart", 0, 0, 0, 0, -2955, 0, 0, 0, 0, 0, 0, 0, -140, -244, -3339
"/Users/marie/Documents/GitHub/GBO-Updated/lib/widgets/face_id_dialog.dart", "Dart", 0, 0, 0, 0, -304, 0, 0, 0, 0, 0, 0, 0, -9, -19, -332
"/Users/marie/Documents/GitHub/GBO-Updated/lib/widgets/gbo_loader.dart", "Dart", 0, 0, 0, 0, -127, 0, 0, 0, 0, 0, 0, 0, 0, -11, -138
"/Users/marie/Documents/GitHub/GBO-Updated/lib/widgets/kanban_task_card.dart", "Dart", 0, 0, 0, 0, -296, 0, 0, 0, 0, 0, 0, 0, -10, -20, -326
"/Users/marie/Documents/GitHub/GBO-Updated/lib/widgets/login_face_id_overlay.dart", "Dart", 0, 0, 0, 0, -429, 0, 0, 0, 0, 0, 0, 0, -21, -34, -484
"/Users/marie/Documents/GitHub/GBO-Updated/lib/widgets/mixed_font_title.dart", "Dart", 0, 0, 0, 0, -23, 0, 0, 0, 0, 0, 0, 0, 0, -3, -26
"/Users/marie/Documents/GitHub/GBO-Updated/lib/widgets/notification_status_widget.dart", "Dart", 0, 0, 0, 0, -203, 0, 0, 0, 0, 0, 0, 0, -7, -19, -229
"/Users/marie/Documents/GitHub/GBO-Updated/lib/widgets/referee_invitation_bottom_overlay.dart", "Dart", 0, 0, 0, 0, -737, 0, 0, 0, 0, 0, 0, 0, -23, -32, -792
"/Users/marie/Documents/GitHub/GBO-Updated/lib/widgets/referee_invitation_dialog.dart", "Dart", 0, 0, 0, 0, -308, 0, 0, 0, 0, 0, 0, 0, -7, -20, -335
"/Users/marie/Documents/GitHub/GBO-Updated/lib/widgets/responsive_card.dart", "Dart", 0, 0, 0, 0, -107, 0, 0, 0, 0, 0, 0, 0, 0, -12, -119
"/Users/marie/Documents/GitHub/GBO-Updated/lib/widgets/responsive_dashboard.dart", "Dart", 0, 0, 0, 0, -140, 0, 0, 0, 0, 0, 0, 0, -2, -9, -151
"/Users/marie/Documents/GitHub/GBO-Updated/lib/widgets/responsive_layout.dart", "Dart", 0, 0, 0, 0, -132, 0, 0, 0, 0, 0, 0, 0, 0, -5, -137
"/Users/marie/Documents/GitHub/GBO-Updated/lib/widgets/side_navigation.dart", "Dart", 0, 0, 0, 0, -1221, 0, 0, 0, 0, 0, 0, 0, -37, -79, -1337
"/Users/marie/Documents/GitHub/GBO-Updated/lib/widgets/task_detail_dialog.dart", "Dart", 0, 0, 0, 0, -1172, 0, 0, 0, 0, 0, 0, 0, -15, -86, -1273
"/Users/marie/Documents/GitHub/GBO-Updated/lib/widgets/team_avatar.dart", "Dart", 0, 0, 0, 0, -103, 0, 0, 0, 0, 0, 0, 0, -2, -11, -116
"/Users/marie/Documents/GitHub/GBO-Updated/lib/widgets/tournament_overview.dart", "Dart", 0, 0, 0, 0, -93, 0, 0, 0, 0, 0, 0, 0, -2, -9, -104
"/Users/marie/Documents/GitHub/GBO-Updated/lib/widgets/tournament_timeline.dart", "Dart", 0, 0, 0, 0, -980, 0, 0, 0, 0, 0, 0, 0, -40, -64, -1084
"/Users/marie/Documents/GitHub/GBO-Updated/pubspec.yaml", "YAML", 0, -49, 0, 0, 0, 0, 0, 0, 0, 0, 0, 0, -23, -9, -81
"/Users/marie/Documents/GitHub/GBO-Updated/test/widget_test.dart", "Dart", 0, 0, 0, 0, -14, 0, 0, 0, 0, 0, 0, 0, -10, -7, -31
"/Users/marie/Documents/GitHub/GBO-Updated/web/index.html", "HTML", 0, 0, 0, 0, 0, 0, 0, 0, -161, 0, 0, 0, -22, -24, -207
"/Users/marie/Documents/GitHub/GBO-Updated/web/manifest.json", "JSON", 0, 0, 0, -38, 0, 0, 0, 0, 0, 0, 0, 0, 0, -1, -39
"Total", "-", 607, 8, 36, 81, 17521, 36, 46, 0, 553, 0, 0, 0, 912, 1969, 21769